"name","sex","count","year","rank"
"Mary","F",7065,1880,1
"Anna","F",2604,1880,2
"Emma","F",2003,1880,3
"Elizabeth","F",1939,1880,4
"Minnie","F",1746,1880,5
"Margaret","F",1578,1880,6
"Ida","F",1472,1880,7
"Alice","F",1414,1880,8
"Bertha","F",1320,1880,9
"Sarah","F",1288,1880,10
"John","M",9655,1880,1
"William","M",9531,1880,2
"James","M",5927,1880,3
"Charles","M",5348,1880,4
"George","M",5126,1880,5
"Frank","M",3242,1880,6
"Joseph","M",2632,1880,7
"Thomas","M",2534,1880,8
"Henry","M",2444,1880,9
"Robert","M",2415,1880,10
"Mary","F",6919,1881,1
"Anna","F",2698,1881,2
"Emma","F",2034,1881,3
"Elizabeth","F",1852,1881,4
"Margaret","F",1658,1881,5
"Minnie","F",1653,1881,6
"Ida","F",1439,1881,7
"Annie","F",1326,1881,8
"Bertha","F",1324,1881,9
"Alice","F",1308,1881,10
"John","M",8769,1881,1
"William","M",8524,1881,2
"James","M",5441,1881,3
"George","M",4664,1881,4
"Charles","M",4636,1881,5
"Frank","M",2834,1881,6
"Joseph","M",2456,1881,7
"Henry","M",2339,1881,8
"Thomas","M",2282,1881,9
"Edward","M",2177,1881,10
"Mary","F",8148,1882,1
"Anna","F",3143,1882,2
"Emma","F",2303,1882,3
"Elizabeth","F",2186,1882,4
"Minnie","F",2004,1882,5
"Margaret","F",1821,1882,6
"Ida","F",1673,1882,7
"Alice","F",1542,1882,8
"Bertha","F",1508,1882,9
"Annie","F",1492,1882,10
"John","M",9557,1882,1
"William","M",9298,1882,2
"James","M",5892,1882,3
"George","M",5193,1882,4
"Charles","M",5091,1882,5
"Frank","M",3176,1882,6
"Joseph","M",2670,1882,7
"Thomas","M",2610,1882,8
"Henry","M",2579,1882,9
"Robert","M",2500,1882,10
"Mary","F",8012,1883,1
"Anna","F",3306,1883,2
"Emma","F",2367,1883,3
"Elizabeth","F",2255,1883,4
"Minnie","F",2035,1883,5
"Margaret","F",1881,1883,6
"Bertha","F",1681,1883,7
"Ida","F",1634,1883,8
"Annie","F",1589,1883,9
"Clara","F",1548,1883,10
"John","M",8894,1883,1
"William","M",8387,1883,2
"James","M",5223,1883,3
"Charles","M",4826,1883,4
"George","M",4736,1883,5
"Frank","M",2986,1883,6
"Joseph","M",2515,1883,7
"Henry","M",2383,1883,8
"Robert","M",2334,1883,9
"Thomas","M",2316,1883,10
"Mary","F",9217,1884,1
"Anna","F",3860,1884,2
"Emma","F",2587,1884,3
"Elizabeth","F",2549,1884,4
"Minnie","F",2243,1884,5
"Margaret","F",2142,1884,6
"Ida","F",1882,1884,7
"Clara","F",1852,1884,8
"Bertha","F",1789,1884,9
"Annie","F",1739,1884,10
"John","M",9388,1884,1
"William","M",8897,1884,2
"James","M",5693,1884,3
"George","M",4961,1884,4
"Charles","M",4802,1884,5
"Frank","M",3218,1884,6
"Joseph","M",2707,1884,7
"Thomas","M",2572,1884,8
"Henry","M",2474,1884,9
"Robert","M",2468,1884,10
"Mary","F",9128,1885,1
"Anna","F",3994,1885,2
"Emma","F",2728,1885,3
"Elizabeth","F",2582,1885,4
"Margaret","F",2204,1885,5
"Minnie","F",2178,1885,6
"Clara","F",1910,1885,7
"Bertha","F",1860,1885,8
"Ida","F",1854,1885,9
"Annie","F",1703,1885,10
"John","M",8756,1885,1
"William","M",8044,1885,2
"James","M",5175,1885,3
"George","M",4674,1885,4
"Charles","M",4599,1885,5
"Frank","M",3067,1885,6
"Joseph","M",2540,1885,7
"Henry","M",2406,1885,8
"Robert","M",2322,1885,9
"Thomas","M",2266,1885,10
"Mary","F",9889,1886,1
"Anna","F",4283,1886,2
"Emma","F",2764,1886,3
"Elizabeth","F",2680,1886,4
"Minnie","F",2372,1886,5
"Margaret","F",2275,1886,6
"Ida","F",2049,1886,7
"Bertha","F",2001,1886,8
"Clara","F",1916,1886,9
"Florence","F",1860,1886,10
"John","M",9026,1886,1
"William","M",8252,1886,2
"James","M",5355,1886,3
"George","M",4671,1886,4
"Charles","M",4533,1886,5
"Frank","M",3127,1886,6
"Joseph","M",2594,1886,7
"Robert","M",2444,1886,8
"Henry","M",2404,1886,9
"Thomas","M",2337,1886,10
"Mary","F",9888,1887,1
"Anna","F",4227,1887,2
"Elizabeth","F",2681,1887,3
"Emma","F",2647,1887,4
"Margaret","F",2419,1887,5
"Minnie","F",2215,1887,6
"Bertha","F",2037,1887,7
"Clara","F",1984,1887,8
"Florence","F",1964,1887,9
"Ida","F",1929,1887,10
"John","M",8110,1887,1
"William","M",7470,1887,2
"James","M",4768,1887,3
"George","M",4284,1887,4
"Charles","M",4031,1887,5
"Frank","M",2883,1887,6
"Joseph","M",2456,1887,7
"Henry","M",2228,1887,8
"Thomas","M",2151,1887,9
"Edward","M",2125,1887,10
"Robert","M",2125,1887,11
"Mary","F",11754,1888,1
"Anna","F",4982,1888,2
"Elizabeth","F",3224,1888,3
"Emma","F",3087,1888,4
"Margaret","F",2904,1888,5
"Minnie","F",2654,1888,6
"Bertha","F",2450,1888,7
"Florence","F",2444,1888,8
"Ethel","F",2374,1888,9
"Bessie","F",2278,1888,10
"John","M",9247,1888,1
"William","M",8705,1888,2
"James","M",5562,1888,3
"George","M",4912,1888,4
"Charles","M",4591,1888,5
"Frank","M",3459,1888,6
"Joseph","M",2993,1888,7
"Robert","M",2814,1888,8
"Harry","M",2759,1888,9
"Henry","M",2596,1888,10
"Mary","F",11648,1889,1
"Anna","F",5062,1889,2
"Elizabeth","F",3058,1889,3
"Margaret","F",2917,1889,4
"Emma","F",2884,1889,5
"Minnie","F",2624,1889,6
"Florence","F",2465,1889,7
"Ethel","F",2463,1889,8
"Bessie","F",2343,1889,9
"Clara","F",2319,1889,10
"John","M",8548,1889,1
"William","M",7772,1889,2
"James","M",5020,1889,3
"George","M",4430,1889,4
"Charles","M",4199,1889,5
"Frank","M",2975,1889,6
"Joseph","M",2729,1889,7
"Harry","M",2559,1889,8
"Robert","M",2513,1889,9
"Edward","M",2299,1889,10
"Mary","F",12078,1890,1
"Anna","F",5233,1890,2
"Elizabeth","F",3112,1890,3
"Margaret","F",3100,1890,4
"Emma","F",2980,1890,5
"Florence","F",2744,1890,6
"Ethel","F",2718,1890,7
"Minnie","F",2650,1890,8
"Clara","F",2496,1890,9
"Bertha","F",2388,1890,10
"John","M",8502,1890,1
"William","M",7494,1890,2
"James","M",5097,1890,3
"George","M",4458,1890,4
"Charles","M",4061,1890,5
"Frank","M",3078,1890,6
"Joseph","M",2670,1890,7
"Robert","M",2541,1890,8
"Henry","M",2349,1890,9
"Harry","M",2345,1890,10
"Mary","F",11703,1891,1
"Anna","F",5099,1891,2
"Margaret","F",3065,1891,3
"Elizabeth","F",3059,1891,4
"Emma","F",2884,1891,5
"Florence","F",2715,1891,6
"Ethel","F",2689,1891,7
"Minnie","F",2428,1891,8
"Helen","F",2417,1891,9
"Bertha","F",2372,1891,10
"John","M",7680,1891,1
"William","M",6763,1891,2
"James","M",4516,1891,3
"George","M",3931,1891,4
"Charles","M",3640,1891,5
"Frank","M",2652,1891,6
"Joseph","M",2572,1891,7
"Robert","M",2240,1891,8
"Harry","M",2132,1891,9
"Henry","M",2049,1891,10
"Mary","F",13172,1892,1
"Anna","F",5542,1892,2
"Elizabeth","F",3461,1892,3
"Margaret","F",3435,1892,4
"Ruth","F",3290,1892,5
"Florence","F",3154,1892,6
"Emma","F",3128,1892,7
"Ethel","F",3035,1892,8
"Helen","F",2936,1892,9
"Clara","F",2661,1892,10
"John","M",9039,1892,1
"William","M",7782,1892,2
"James","M",5398,1892,3
"George","M",4760,1892,4
"Charles","M",4319,1892,5
"Frank","M",3150,1892,6
"Joseph","M",3064,1892,7
"Robert","M",2710,1892,8
"Harry","M",2460,1892,9
"Henry","M",2452,1892,10
"Mary","F",12784,1893,1
"Anna","F",5695,1893,2
"Ruth","F",3658,1893,3
"Margaret","F",3565,1893,4
"Elizabeth","F",3360,1893,5
"Helen","F",3249,1893,6
"Florence","F",3231,1893,7
"Ethel","F",3119,1893,8
"Emma","F",2968,1893,9
"Bertha","F",2623,1893,10
"John","M",8049,1893,1
"William","M",7223,1893,2
"James","M",5029,1893,3
"George","M",4320,1893,4
"Charles","M",3723,1893,5
"Joseph","M",2997,1893,6
"Frank","M",2917,1893,7
"Robert","M",2563,1893,8
"Edward","M",2309,1893,9
"Harry","M",2245,1893,10
"Mary","F",13151,1894,1
"Anna","F",5565,1894,2
"Margaret","F",3701,1894,3
"Helen","F",3676,1894,4
"Elizabeth","F",3425,1894,5
"Ruth","F",3372,1894,6
"Ethel","F",3287,1894,7
"Florence","F",3233,1894,8
"Emma","F",2937,1894,9
"Marie","F",2649,1894,10
"John","M",8238,1894,1
"William","M",7274,1894,2
"James","M",5110,1894,3
"George","M",4365,1894,4
"Charles","M",3788,1894,5
"Joseph","M",2977,1894,6
"Frank","M",2863,1894,7
"Robert","M",2497,1894,8
"Henry","M",2278,1894,9
"Harry","M",2189,1894,10
"Mary","F",13446,1895,1
"Anna","F",5950,1895,2
"Helen","F",4023,1895,3
"Margaret","F",3931,1895,4
"Elizabeth","F",3603,1895,5
"Ruth","F",3551,1895,6
"Florence","F",3471,1895,7
"Ethel","F",3391,1895,8
"Marie","F",3011,1895,9
"Emma","F",2952,1895,10
"John","M",8320,1895,1
"William","M",7277,1895,2
"James","M",5335,1895,3
"George","M",4289,1895,4
"Charles","M",3633,1895,5
"Frank","M",3012,1895,6
"Joseph","M",2992,1895,7
"Robert","M",2635,1895,8
"Henry","M",2221,1895,9
"Edward","M",2203,1895,10
"Mary","F",13811,1896,1
"Anna","F",5860,1896,2
"Helen","F",4392,1896,3
"Margaret","F",4051,1896,4
"Ruth","F",3905,1896,5
"Ethel","F",3502,1896,6
"Elizabeth","F",3471,1896,7
"Florence","F",3323,1896,8
"Marie","F",3087,1896,9
"Emma","F",2872,1896,10
"John","M",8139,1896,1
"William","M",7747,1896,2
"James","M",5207,1896,3
"George","M",4286,1896,4
"Charles","M",3639,1896,5
"Joseph","M",3051,1896,6
"Frank","M",2845,1896,7
"Robert","M",2719,1896,8
"Edward","M",2296,1896,9
"Henry","M",2183,1896,10
"Mary","F",13413,1897,1
"Anna","F",5429,1897,2
"Helen","F",4519,1897,3
"Margaret","F",4146,1897,4
"Ruth","F",3878,1897,5
"Elizabeth","F",3442,1897,6
"Florence","F",3369,1897,7
"Ethel","F",3182,1897,8
"Marie","F",3078,1897,9
"Emma","F",2698,1897,10
"John","M",7550,1897,1
"William","M",7199,1897,2
"James","M",5113,1897,3
"George","M",4078,1897,4
"Charles","M",3341,1897,5
"Joseph","M",2827,1897,6
"Frank","M",2726,1897,7
"Robert","M",2701,1897,8
"Edward","M",2121,1897,9
"Henry","M",1994,1897,10
"Mary","F",14406,1898,1
"Anna","F",5773,1898,2
"Helen","F",5230,1898,3
"Margaret","F",4696,1898,4
"Ruth","F",4249,1898,5
"Florence","F",3790,1898,6
"Elizabeth","F",3659,1898,7
"Ethel","F",3531,1898,8
"Marie","F",3435,1898,9
"Lillian","F",3061,1898,10
"John","M",8159,1898,1
"William","M",7400,1898,2
"James","M",5321,1898,3
"George","M",4853,1898,4
"Charles","M",3557,1898,5
"Joseph","M",3171,1898,6
"Robert","M",2932,1898,7
"Frank","M",2925,1898,8
"Edward","M",2337,1898,9
"Thomas","M",2161,1898,10
"Mary","F",13172,1899,1
"Anna","F",5115,1899,2
"Helen","F",5048,1899,3
"Margaret","F",4249,1899,4
"Ruth","F",3912,1899,5
"Florence","F",3314,1899,6
"Elizabeth","F",3287,1899,7
"Marie","F",3156,1899,8
"Ethel","F",2999,1899,9
"Lillian","F",2703,1899,10
"John","M",6990,1899,1
"William","M",6086,1899,2
"James","M",4598,1899,3
"George","M",4018,1899,4
"Charles","M",3147,1899,5
"Joseph","M",2679,1899,6
"Robert","M",2609,1899,7
"Frank","M",2550,1899,8
"Edward","M",1901,1899,9
"Henry","M",1831,1899,10
"Mary","F",16707,1900,1
"Helen","F",6343,1900,2
"Anna","F",6114,1900,3
"Margaret","F",5304,1900,4
"Ruth","F",4765,1900,5
"Elizabeth","F",4096,1900,6
"Florence","F",3920,1900,7
"Ethel","F",3896,1900,8
"Marie","F",3856,1900,9
"Lillian","F",3414,1900,10
"John","M",9829,1900,1
"William","M",8579,1900,2
"James","M",7245,1900,3
"George","M",5403,1900,4
"Charles","M",4100,1900,5
"Robert","M",3821,1900,6
"Joseph","M",3714,1900,7
"Frank","M",3477,1900,8
"Edward","M",2720,1900,9
"Henry","M",2606,1900,10
"Mary","F",13136,1901,1
"Helen","F",5247,1901,2
"Anna","F",4923,1901,3
"Margaret","F",4424,1901,4
"Ruth","F",3974,1901,5
"Elizabeth","F",3216,1901,6
"Marie","F",3157,1901,7
"Florence","F",3131,1901,8
"Ethel","F",3067,1901,9
"Lillian","F",2681,1901,10
"John","M",6899,1901,1
"William","M",5990,1901,2
"James","M",4735,1901,3
"George","M",3609,1901,4
"Charles","M",3049,1901,5
"Joseph","M",2766,1901,6
"Robert","M",2543,1901,7
"Frank","M",2402,1901,8
"Edward","M",1917,1901,9
"Henry","M",1870,1901,10
"Mary","F",14486,1902,1
"Helen","F",5967,1902,2
"Anna","F",5288,1902,3
"Margaret","F",5011,1902,4
"Ruth","F",4384,1902,5
"Elizabeth","F",3694,1902,6
"Florence","F",3509,1902,7
"Marie","F",3423,1902,8
"Ethel","F",3295,1902,9
"Alice","F",3135,1902,10
"John","M",7907,1902,1
"William","M",6616,1902,2
"James","M",5592,1902,3
"George","M",4223,1902,4
"Charles","M",3361,1902,5
"Robert","M",3180,1902,6
"Joseph","M",3098,1902,7
"Frank","M",2756,1902,8
"Edward","M",2294,1902,9
"Henry","M",2154,1902,10
"Mary","F",14275,1903,1
"Helen","F",6129,1903,2
"Anna","F",5098,1903,3
"Margaret","F",5046,1903,4
"Ruth","F",4518,1903,5
"Elizabeth","F",3723,1903,6
"Marie","F",3469,1903,7
"Florence","F",3468,1903,8
"Ethel","F",3257,1903,9
"Mildred","F",3088,1903,10
"John","M",7608,1903,1
"William","M",6311,1903,2
"James","M",5480,1903,3
"George","M",3961,1903,4
"Charles","M",3212,1903,5
"Joseph","M",3121,1903,6
"Robert","M",3044,1903,7
"Frank","M",2644,1903,8
"Edward","M",2268,1903,9
"Thomas","M",1962,1903,10
"Mary","F",14962,1904,1
"Helen","F",6488,1904,2
"Anna","F",5330,1904,3
"Margaret","F",5302,1904,4
"Ruth","F",4900,1904,5
"Elizabeth","F",3833,1904,6
"Marie","F",3595,1904,7
"Florence","F",3572,1904,8
"Mildred","F",3525,1904,9
"Dorothy","F",3477,1904,10
"John","M",8108,1904,1
"William","M",6416,1904,2
"James","M",5855,1904,3
"George","M",4219,1904,4
"Robert","M",3414,1904,5
"Charles","M",3406,1904,6
"Joseph","M",3291,1904,7
"Frank","M",2799,1904,8
"Edward","M",2334,1904,9
"Henry","M",2086,1904,10
"Mary","F",16067,1905,1
"Helen","F",6811,1905,2
"Margaret","F",5690,1905,3
"Anna","F",5424,1905,4
"Ruth","F",5068,1905,5
"Elizabeth","F",4121,1905,6
"Dorothy","F",3937,1905,7
"Mildred","F",3758,1905,8
"Marie","F",3643,1905,9
"Alice","F",3611,1905,10
"John","M",8060,1905,1
"William","M",6495,1905,2
"James","M",6042,1905,3
"George","M",4256,1905,4
"Charles","M",3608,1905,5
"Robert","M",3410,1905,6
"Joseph","M",3302,1905,7
"Frank","M",2837,1905,8
"Edward","M",2366,1905,9
"Thomas","M",2135,1905,10
"Mary","F",16370,1906,1
"Helen","F",7176,1906,2
"Margaret","F",6096,1906,3
"Anna","F",5502,1906,4
"Ruth","F",5140,1906,5
"Dorothy","F",4326,1906,6
"Elizabeth","F",4321,1906,7
"Alice","F",4192,1906,8
"Mildred","F",3873,1906,9
"Florence","F",3691,1906,10
"John","M",8264,1906,1
"William","M",6567,1906,2
"James","M",5908,1906,3
"George","M",4201,1906,4
"Robert","M",3635,1906,5
"Charles","M",3607,1906,6
"Joseph","M",3527,1906,7
"Frank","M",2798,1906,8
"Edward","M",2398,1906,9
"Thomas","M",2176,1906,10
"Mary","F",17580,1907,1
"Helen","F",7579,1907,2
"Margaret","F",6713,1907,3
"Anna","F",5575,1907,4
"Ruth","F",5573,1907,5
"Dorothy","F",4967,1907,6
"Elizabeth","F",4624,1907,7
"Mildred","F",4277,1907,8
"Alice","F",4107,1907,9
"Marie","F",3879,1907,10
"John","M",8983,1907,1
"William","M",6905,1907,2
"James","M",6707,1907,3
"George","M",4445,1907,4
"Robert","M",4020,1907,5
"Charles","M",3884,1907,6
"Joseph","M",3844,1907,7
"Frank","M",2943,1907,8
"Edward","M",2576,1907,9
"Henry","M",2203,1907,10
"Mary","F",18666,1908,1
"Helen","F",8439,1908,2
"Margaret","F",6976,1908,3
"Ruth","F",6180,1908,4
"Anna","F",5860,1908,5
"Dorothy","F",5703,1908,6
"Elizabeth","F",4904,1908,7
"Mildred","F",4624,1908,8
"Alice","F",4270,1908,9
"Marie","F",4076,1908,10
"John","M",9342,1908,1
"William","M",7528,1908,2
"James","M",7012,1908,3
"George","M",4584,1908,4
"Robert","M",4220,1908,5
"Joseph","M",4162,1908,6
"Charles","M",3929,1908,7
"Frank","M",3146,1908,8
"Edward","M",2707,1908,9
"Thomas","M",2301,1908,10
"Mary","F",19259,1909,1
"Helen","F",9250,1909,2
"Margaret","F",7359,1909,3
"Ruth","F",6509,1909,4
"Dorothy","F",6253,1909,5
"Anna","F",5804,1909,6
"Elizabeth","F",5176,1909,7
"Mildred","F",5054,1909,8
"Marie","F",4301,1909,9
"Alice","F",4170,1909,10
"John","M",9591,1909,1
"William","M",7914,1909,2
"James","M",7594,1909,3
"George","M",4688,1909,4
"Robert","M",4563,1909,5
"Joseph","M",4348,1909,6
"Charles","M",4030,1909,7
"Frank","M",3244,1909,8
"Edward","M",2935,1909,9
"Thomas","M",2468,1909,10
"Mary","F",22848,1910,1
"Helen","F",10479,1910,2
"Margaret","F",8226,1910,3
"Dorothy","F",7318,1910,4
"Ruth","F",7212,1910,5
"Anna","F",6436,1910,6
"Elizabeth","F",5800,1910,7
"Mildred","F",5692,1910,8
"Marie","F",4790,1910,9
"Alice","F",4671,1910,10
"John","M",11450,1910,1
"James","M",9195,1910,2
"William","M",8844,1910,3
"Robert","M",5610,1910,4
"George","M",5441,1910,5
"Joseph","M",5228,1910,6
"Charles","M",4785,1910,7
"Frank","M",3768,1910,8
"Edward","M",3408,1910,9
"Henry","M",2899,1910,10
"Mary","F",24390,1911,1
"Helen","F",11802,1911,2
"Margaret","F",9279,1911,3
"Dorothy","F",8869,1911,4
"Ruth","F",8003,1911,5
"Anna","F",6753,1911,6
"Elizabeth","F",6298,1911,7
"Mildred","F",6271,1911,8
"Marie","F",5017,1911,9
"Frances","F",4967,1911,10
"John","M",13445,1911,1
"William","M",10593,1911,2
"James","M",9951,1911,3
"George","M",6586,1911,4
"Robert","M",6526,1911,5
"Joseph","M",6488,1911,6
"Charles","M",5725,1911,7
"Frank","M",4314,1911,8
"Edward","M",4164,1911,9
"Thomas","M",3293,1911,10
"Mary","F",32303,1912,1
"Helen","F",16133,1912,2
"Dorothy","F",12645,1912,3
"Margaret","F",12535,1912,4
"Ruth","F",11280,1912,5
"Mildred","F",8764,1912,6
"Anna","F",8586,1912,7
"Elizabeth","F",8528,1912,8
"Frances","F",6680,1912,9
"Marie","F",6642,1912,10
"John","M",24587,1912,1
"William","M",19626,1912,2
"James","M",17644,1912,3
"Robert","M",12837,1912,4
"Joseph","M",12062,1912,5
"George","M",11734,1912,6
"Charles","M",11070,1912,7
"Edward","M",7936,1912,8
"Frank","M",7912,1912,9
"Thomas","M",6085,1912,10
"Mary","F",36641,1913,1
"Helen","F",18889,1913,2
"Dorothy","F",14674,1913,3
"Margaret","F",14486,1913,4
"Ruth","F",12608,1913,5
"Mildred","F",9921,1913,6
"Anna","F",9687,1913,7
"Elizabeth","F",9505,1913,8
"Frances","F",7694,1913,9
"Marie","F",7352,1913,10
"John","M",29329,1913,1
"William","M",23537,1913,2
"James","M",20831,1913,3
"Robert","M",15683,1913,4
"Joseph","M",14471,1913,5
"George","M",13873,1913,6
"Charles","M",13190,1913,7
"Edward","M",9474,1913,8
"Frank","M",9237,1913,9
"Thomas","M",7097,1913,10
"Mary","F",45345,1914,1
"Helen","F",23221,1914,2
"Dorothy","F",18782,1914,3
"Margaret","F",17763,1914,4
"Ruth","F",15839,1914,5
"Anna","F",11865,1914,6
"Mildred","F",11649,1914,7
"Elizabeth","F",11367,1914,8
"Frances","F",9677,1914,9
"Marie","F",8829,1914,10
"John","M",37948,1914,1
"William","M",29755,1914,2
"James","M",26263,1914,3
"Robert","M",21188,1914,4
"Joseph","M",18828,1914,5
"George","M",17603,1914,6
"Charles","M",16937,1914,7
"Edward","M",12318,1914,8
"Frank","M",12001,1914,9
"Walter","M",8962,1914,10
"Mary","F",58187,1915,1
"Helen","F",30866,1915,2
"Dorothy","F",25154,1915,3
"Margaret","F",23055,1915,4
"Ruth","F",21881,1915,5
"Mildred","F",15253,1915,6
"Anna","F",15120,1915,7
"Elizabeth","F",14103,1915,8
"Frances","F",12787,1915,9
"Evelyn","F",11594,1915,10
"John","M",47577,1915,1
"William","M",38564,1915,2
"James","M",33777,1915,3
"Robert","M",28738,1915,4
"Joseph","M",23052,1915,5
"George","M",22308,1915,6
"Charles","M",21959,1915,7
"Edward","M",15889,1915,8
"Frank","M",15006,1915,9
"Thomas","M",11490,1915,10
"Mary","F",61437,1916,1
"Helen","F",32661,1916,2
"Dorothy","F",27415,1916,3
"Margaret","F",24952,1916,4
"Ruth","F",23189,1916,5
"Mildred","F",15633,1916,6
"Anna","F",15228,1916,7
"Elizabeth","F",14939,1916,8
"Frances","F",13746,1916,9
"Virginia","F",12487,1916,10
"John","M",50046,1916,1
"William","M",40421,1916,2
"James","M",35568,1916,3
"Robert","M",31740,1916,4
"Joseph","M",23882,1916,5
"Charles","M",23612,1916,6
"George","M",23379,1916,7
"Edward","M",17005,1916,8
"Frank","M",15292,1916,9
"Thomas","M",11998,1916,10
"Mary","F",64281,1917,1
"Helen","F",34249,1917,2
"Dorothy","F",28853,1917,3
"Margaret","F",25560,1917,4
"Ruth","F",23567,1917,5
"Mildred","F",16257,1917,6
"Anna","F",15160,1917,7
"Elizabeth","F",15131,1917,8
"Frances","F",14363,1917,9
"Virginia","F",14261,1917,10
"John","M",51853,1917,1
"William","M",42421,1917,2
"James","M",37339,1917,3
"Robert","M",35220,1917,4
"Joseph","M",24763,1917,5
"George","M",24197,1917,6
"Charles","M",24146,1917,7
"Edward","M",17502,1917,8
"Frank","M",15769,1917,9
"Thomas","M",12611,1917,10
"Mary","F",67368,1918,1
"Helen","F",36150,1918,2
"Dorothy","F",32034,1918,3
"Margaret","F",27140,1918,4
"Ruth","F",25535,1918,5
"Mildred","F",17257,1918,6
"Virginia","F",16421,1918,7
"Frances","F",16131,1918,8
"Elizabeth","F",15851,1918,9
"Anna","F",15666,1918,10
"John","M",56557,1918,1
"William","M",45291,1918,2
"James","M",42121,1918,3
"Robert","M",40624,1918,4
"Charles","M",26922,1918,5
"George","M",26320,1918,6
"Joseph","M",26263,1918,7
"Edward","M",19490,1918,8
"Frank","M",17018,1918,9
"Thomas","M",13910,1918,10
"Mary","F",65843,1919,1
"Helen","F",33705,1919,2
"Dorothy","F",31734,1919,3
"Margaret","F",26237,1919,4
"Ruth","F",24566,1919,5
"Mildred","F",17299,1919,6
"Virginia","F",15637,1919,7
"Elizabeth","F",15288,1919,8
"Frances","F",15107,1919,9
"Anna","F",14499,1919,10
"John","M",53530,1919,1
"William","M",43974,1919,2
"James","M",42388,1919,3
"Robert","M",41024,1919,4
"Charles","M",25194,1919,5
"George","M",25173,1919,6
"Joseph","M",24263,1919,7
"Edward","M",18536,1919,8
"Frank","M",15702,1919,9
"Thomas","M",13434,1919,10
"Mary","F",70975,1920,1
"Dorothy","F",36645,1920,2
"Helen","F",35098,1920,3
"Margaret","F",27997,1920,4
"Ruth","F",26100,1920,5
"Mildred","F",18058,1920,6
"Virginia","F",17314,1920,7
"Elizabeth","F",15910,1920,8
"Frances","F",15882,1920,9
"Anna","F",14581,1920,10
"John","M",56914,1920,1
"William","M",50153,1920,2
"Robert","M",48681,1920,3
"James","M",47915,1920,4
"Charles","M",28311,1920,5
"George","M",26890,1920,6
"Joseph","M",25595,1920,7
"Edward","M",20097,1920,8
"Frank","M",16433,1920,9
"Richard","M",15010,1920,10
"Mary","F",73983,1921,1
"Dorothy","F",39083,1921,2
"Helen","F",34819,1921,3
"Margaret","F",28466,1921,4
"Ruth","F",25783,1921,5
"Virginia","F",19030,1921,6
"Mildred","F",17883,1921,7
"Betty","F",17637,1921,8
"Frances","F",15995,1921,9
"Elizabeth","F",15800,1921,10
"John","M",58225,1921,1
"Robert","M",52779,1921,2
"William","M",51861,1921,3
"James","M",49749,1921,4
"Charles","M",29244,1921,5
"George","M",27474,1921,6
"Joseph","M",26176,1921,7
"Edward","M",20818,1921,8
"Frank","M",16706,1921,9
"Richard","M",16376,1921,10
"Mary","F",72170,1922,1
"Dorothy","F",37711,1922,2
"Helen","F",32507,1922,3
"Margaret","F",26862,1922,4
"Ruth","F",23628,1922,5
"Betty","F",20893,1922,6
"Virginia","F",19145,1922,7
"Mildred","F",16413,1922,8
"Elizabeth","F",15243,1922,9
"Frances","F",15054,1922,10
"John","M",57275,1922,1
"Robert","M",53798,1922,2
"William","M",51117,1922,3
"James","M",49814,1922,4
"Charles","M",28844,1922,5
"George","M",27350,1922,6
"Joseph","M",25702,1922,7
"Edward","M",20419,1922,8
"Richard","M",17539,1922,9
"Frank","M",16014,1922,10
"Mary","F",71633,1923,1
"Dorothy","F",39045,1923,2
"Helen","F",31492,1923,3
"Margaret","F",26134,1923,4
"Betty","F",25990,1923,5
"Ruth","F",23636,1923,6
"Virginia","F",18330,1923,7
"Mildred","F",15989,1923,8
"Elizabeth","F",15461,1923,9
"Frances","F",14875,1923,10
"John","M",57476,1923,1
"Robert","M",56120,1923,2
"William","M",52135,1923,3
"James","M",50466,1923,4
"Charles","M",28959,1923,5
"George","M",27030,1923,6
"Joseph","M",25556,1923,7
"Edward","M",20597,1923,8
"Richard","M",18884,1923,9
"Donald","M",16436,1923,10
"Mary","F",73532,1924,1
"Dorothy","F",39996,1924,2
"Helen","F",31193,1924,3
"Betty","F",30602,1924,4
"Margaret","F",26549,1924,5
"Ruth","F",23601,1924,6
"Virginia","F",18624,1924,7
"Mildred","F",15855,1924,8
"Doris","F",15785,1924,9
"Frances","F",15185,1924,10
"Robert","M",60794,1924,1
"John","M",59055,1924,2
"William","M",53511,1924,3
"James","M",52939,1924,4
"Charles","M",30458,1924,5
"George","M",27370,1924,6
"Joseph","M",25430,1924,7
"Richard","M",21245,1924,8
"Edward","M",21128,1924,9
"Donald","M",17925,1924,10
"Mary","F",70602,1925,1
"Dorothy","F",38572,1925,2
"Betty","F",32817,1925,3
"Helen","F",29168,1925,4
"Margaret","F",24465,1925,5
"Ruth","F",22250,1925,6
"Virginia","F",17488,1925,7
"Doris","F",16075,1925,8
"Mildred","F",14447,1925,9
"Elizabeth","F",13932,1925,10
"Robert","M",60896,1925,1
"John","M",57195,1925,2
"William","M",53300,1925,3
"James","M",52683,1925,4
"Charles","M",29583,1925,5
"George","M",26564,1925,6
"Joseph","M",24612,1925,7
"Richard","M",23274,1925,8
"Edward","M",20093,1925,9
"Donald","M",19197,1925,10
"Mary","F",67827,1926,1
"Dorothy","F",36614,1926,2
"Betty","F",32959,1926,3
"Helen","F",26884,1926,4
"Margaret","F",23070,1926,5
"Ruth","F",20216,1926,6
"Doris","F",16299,1926,7
"Virginia","F",16161,1926,8
"Mildred","F",13551,1926,9
"Frances","F",13355,1926,10
"Robert","M",61126,1926,1
"John","M",56114,1926,2
"James","M",53208,1926,3
"William","M",51928,1926,4
"Charles","M",29520,1926,5
"George","M",25900,1926,6
"Richard","M",25146,1926,7
"Joseph","M",23762,1926,8
"Donald","M",20904,1926,9
"Edward","M",19379,1926,10
"Mary","F",70638,1927,1
"Dorothy","F",35987,1927,2
"Betty","F",35422,1927,3
"Helen","F",25316,1927,4
"Margaret","F",21960,1927,5
"Ruth","F",19412,1927,6
"Doris","F",16511,1927,7
"Virginia","F",15726,1927,8
"Shirley","F",13313,1927,9
"Barbara","F",13162,1927,10
"Robert","M",61664,1927,1
"John","M",55949,1927,2
"James","M",53663,1927,3
"William","M",51471,1927,4
"Charles","M",31935,1927,5
"Richard","M",26766,1927,6
"George","M",25951,1927,7
"Donald","M",23838,1927,8
"Joseph","M",23502,1927,9
"Edward","M",19113,1927,10
"Mary","F",66862,1928,1
"Betty","F",36078,1928,2
"Dorothy","F",33728,1928,3
"Helen","F",22936,1928,4
"Margaret","F",20294,1928,5
"Ruth","F",17864,1928,6
"Doris","F",16567,1928,7
"Barbara","F",14869,1928,8
"Virginia","F",14497,1928,9
"Shirley","F",14211,1928,10
"Robert","M",60690,1928,1
"John","M",53746,1928,2
"James","M",52747,1928,3
"William","M",49110,1928,4
"Charles","M",31239,1928,5
"Richard","M",28791,1928,6
"Donald","M",25704,1928,7
"George","M",24401,1928,8
"Joseph","M",22316,1928,9
"Edward","M",18480,1928,10
"Mary","F",63514,1929,1
"Betty","F",36669,1929,2
"Dorothy","F",31477,1929,3
"Helen","F",20983,1929,4
"Margaret","F",19206,1929,5
"Doris","F",16496,1929,6
"Barbara","F",16039,1929,7
"Ruth","F",16014,1929,8
"Shirley","F",14578,1929,9
"Patricia","F",13626,1929,10
"Robert","M",59802,1929,1
"James","M",52121,1929,2
"John","M",52113,1929,3
"William","M",47800,1929,4
"Charles","M",29932,1929,5
"Richard","M",29573,1929,6
"Donald","M",27181,1929,7
"George","M",23016,1929,8
"Joseph","M",21156,1929,9
"Edward","M",17229,1929,10
"Mary","F",64137,1930,1
"Betty","F",38239,1930,2
"Dorothy","F",30404,1930,3
"Helen","F",19914,1930,4
"Margaret","F",18351,1930,5
"Barbara","F",18282,1930,6
"Patricia","F",15749,1930,7
"Joan","F",15477,1930,8
"Doris","F",15467,1930,9
"Ruth","F",14938,1930,10
"Robert","M",62146,1930,1
"James","M",53946,1930,2
"John","M",52433,1930,3
"William","M",47258,1930,4
"Richard","M",32174,1930,5
"Charles","M",31857,1930,6
"Donald","M",29045,1930,7
"George","M",22773,1930,8
"Joseph","M",20980,1930,9
"Edward","M",17345,1930,10
"Mary","F",60294,1931,1
"Betty","F",36102,1931,2
"Dorothy","F",26521,1931,3
"Barbara","F",21796,1931,4
"Joan","F",19115,1931,5
"Helen","F",17657,1931,6
"Margaret","F",17334,1931,7
"Patricia","F",16468,1931,8
"Shirley","F",14401,1931,9
"Doris","F",13621,1931,10
"Robert","M",60499,1931,1
"James","M",51201,1931,2
"John","M",48403,1931,3
"William","M",43263,1931,4
"Richard","M",31816,1931,5
"Charles","M",29917,1931,6
"Donald","M",29100,1931,7
"George","M",20678,1931,8
"Joseph","M",19328,1931,9
"Thomas","M",16840,1931,10
"Mary","F",59869,1932,1
"Betty","F",34411,1932,2
"Barbara","F",26315,1932,3
"Dorothy","F",24968,1932,4
"Joan","F",21047,1932,5
"Patricia","F",17991,1932,6
"Margaret","F",16544,1932,7
"Helen","F",16375,1932,8
"Shirley","F",14474,1932,9
"Doris","F",12909,1932,10
"Robert","M",59250,1932,1
"James","M",51919,1932,2
"John","M",48603,1932,3
"William","M",42114,1932,4
"Richard","M",31795,1932,5
"Charles","M",31093,1932,6
"Donald","M",29774,1932,7
"George","M",20437,1932,8
"Joseph","M",18558,1932,9
"Thomas","M",16829,1932,10
"Mary","F",55493,1933,1
"Betty","F",31526,1933,2
"Barbara","F",26949,1933,3
"Dorothy","F",22050,1933,4
"Joan","F",19289,1933,5
"Patricia","F",18625,1933,6
"Margaret","F",15241,1933,7
"Helen","F",14645,1933,8
"Shirley","F",14315,1933,9
"Doris","F",12021,1933,10
"Robert","M",54208,1933,1
"James","M",51101,1933,2
"John","M",46224,1933,3
"William","M",39034,1933,4
"Richard","M",31331,1933,5
"Charles","M",28986,1933,6
"Donald","M",28429,1933,7
"George","M",18359,1933,8
"Joseph","M",17156,1933,9
"Thomas","M",16501,1933,10
"Mary","F",56921,1934,1
"Betty","F",31078,1934,2
"Barbara","F",29231,1934,3
"Shirley","F",22839,1934,4
"Dorothy","F",21280,1934,5
"Patricia","F",20847,1934,6
"Joan","F",19464,1934,7
"Margaret","F",15146,1934,8
"Helen","F",14099,1934,9
"Nancy","F",13517,1934,10
"Robert","M",55827,1934,1
"James","M",54239,1934,2
"John","M",46733,1934,3
"William","M",40164,1934,4
"Richard","M",33152,1934,5
"Donald","M",30405,1934,6
"Charles","M",29789,1934,7
"George","M",18494,1934,8
"Thomas","M",17367,1934,9
"Joseph","M",17103,1934,10
"Mary","F",55072,1935,1
"Shirley","F",42354,1935,2
"Barbara","F",30693,1935,3
"Betty","F",28673,1935,4
"Patricia","F",22876,1935,5
"Dorothy","F",19400,1935,6
"Joan","F",18222,1935,7
"Margaret","F",14718,1935,8
"Nancy","F",14542,1935,9
"Helen","F",12778,1935,10
"Robert","M",56520,1935,1
"James","M",54991,1935,2
"John","M",47489,1935,3
"William","M",40195,1935,4
"Richard","M",33938,1935,5
"Charles","M",29970,1935,6
"Donald","M",29655,1935,7
"George","M",18554,1935,8
"Thomas","M",17677,1935,9
"Joseph","M",17183,1935,10
"Mary","F",54362,1936,1
"Shirley","F",35161,1936,2
"Barbara","F",31679,1936,3
"Betty","F",25863,1936,4
"Patricia","F",23912,1936,5
"Dorothy","F",17668,1936,6
"Joan","F",17067,1936,7
"Nancy","F",16756,1936,8
"Margaret","F",14594,1936,9
"Carol","F",14521,1936,10
"Robert","M",58489,1936,1
"James","M",54674,1936,2
"John","M",47665,1936,3
"William","M",39386,1936,4
"Richard","M",33484,1936,5
"Charles","M",29081,1936,6
"Donald","M",28633,1936,7
"Thomas","M",18340,1936,8
"George","M",18192,1936,9
"David","M",17476,1936,10
"Mary","F",55642,1937,1
"Barbara","F",34909,1937,2
"Patricia","F",26837,1937,3
"Shirley","F",26812,1937,4
"Betty","F",25328,1937,5
"Carol","F",17335,1937,6
"Nancy","F",17067,1937,7
"Dorothy","F",16571,1937,8
"Joan","F",15297,1937,9
"Margaret","F",15144,1937,10
"Robert","M",61821,1937,1
"James","M",56552,1937,2
"John","M",48745,1937,3
"William","M",40704,1937,4
"Richard","M",32972,1937,5
"Charles","M",30515,1937,6
"Donald","M",27862,1937,7
"David","M",20975,1937,8
"Thomas","M",19774,1937,9
"George","M",18429,1937,10
"Mary","F",56215,1938,1
"Barbara","F",39273,1938,2
"Patricia","F",27555,1938,3
"Betty","F",25502,1938,4
"Shirley","F",23770,1938,5
"Carol","F",19423,1938,6
"Nancy","F",18947,1938,7
"Dorothy","F",16348,1938,8
"Margaret","F",15329,1938,9
"Joan","F",14301,1938,10
"Robert","M",62262,1938,1
"James","M",59093,1938,2
"John","M",50507,1938,3
"William","M",42422,1938,4
"Richard","M",34383,1938,5
"Charles","M",31133,1938,6
"Donald","M",26660,1938,7
"David","M",22991,1938,8
"Thomas","M",21375,1938,9
"Ronald","M",20291,1938,10
"Mary","F",54901,1939,1
"Barbara","F",37259,1939,2
"Patricia","F",29704,1939,3
"Betty","F",23639,1939,4
"Shirley","F",20447,1939,5
"Carol","F",20168,1939,6
"Nancy","F",19726,1939,7
"Judith","F",16626,1939,8
"Dorothy","F",15170,1939,9
"Margaret","F",14950,1939,10
"Robert","M",59646,1939,1
"James","M",59630,1939,2
"John","M",51021,1939,3
"William","M",42076,1939,4
"Richard","M",35371,1939,5
"Charles","M",30784,1939,6
"David","M",25360,1939,7
"Donald","M",24057,1939,8
"Thomas","M",22125,1939,9
"Ronald","M",19833,1939,10
"Mary","F",56196,1940,1
"Barbara","F",36732,1940,2
"Patricia","F",32661,1940,3
"Judith","F",22380,1940,4
"Betty","F",22074,1940,5
"Carol","F",21760,1940,6
"Nancy","F",19731,1940,7
"Linda","F",18368,1940,8
"Shirley","F",17876,1940,9
"Sandra","F",16151,1940,10
"James","M",62473,1940,1
"Robert","M",61194,1940,2
"John","M",54766,1940,3
"William","M",44775,1940,4
"Richard","M",37418,1940,5
"Charles","M",31679,1940,6
"David","M",27685,1940,7
"Thomas","M",23985,1940,8
"Donald","M",23106,1940,9
"Ronald","M",20730,1940,10
"Mary","F",58035,1941,1
"Barbara","F",39535,1941,2
"Patricia","F",36901,1941,3
"Carol","F",24181,1941,4
"Linda","F",23715,1941,5
"Judith","F",23314,1941,6
"Betty","F",20900,1941,7
"Nancy","F",20880,1941,8
"Sandra","F",19499,1941,9
"Shirley","F",16950,1941,10
"James","M",66721,1941,1
"Robert","M",64232,1941,2
"John","M",57510,1941,3
"William","M",47787,1941,4
"Richard","M",39102,1941,5
"Charles","M",32730,1941,6
"David","M",30550,1941,7
"Thomas","M",26640,1941,8
"Ronald","M",24394,1941,9
"Donald","M",22624,1941,10
"Mary","F",63241,1942,1
"Barbara","F",44734,1942,2
"Patricia","F",39454,1942,3
"Linda","F",31611,1942,4
"Carol","F",30269,1942,5
"Sandra","F",24990,1942,6
"Judith","F",24787,1942,7
"Nancy","F",23324,1942,8
"Betty","F",21654,1942,9
"Carolyn","F",19980,1942,10
"James","M",77178,1942,1
"Robert","M",71838,1942,2
"John","M",66023,1942,3
"William","M",54878,1942,4
"Richard","M",43582,1942,5
"David","M",35894,1942,6
"Charles","M",35842,1942,7
"Thomas","M",31102,1942,8
"Ronald","M",27128,1942,9
"Donald","M",23949,1942,10
"Mary","F",66172,1943,1
"Barbara","F",43429,1943,2
"Patricia","F",39620,1943,3
"Linda","F",38437,1943,4
"Carol","F",31680,1943,5
"Sandra","F",25988,1943,6
"Judith","F",25210,1943,7
"Sharon","F",24710,1943,8
"Nancy","F",23991,1943,9
"Betty","F",21595,1943,10
"James","M",80252,1943,1
"Robert","M",74856,1943,2
"John","M",68926,1943,3
"William","M",55892,1943,4
"Richard","M",46333,1943,5
"David","M",37239,1943,6
"Charles","M",36626,1943,7
"Thomas","M",32864,1943,8
"Ronald","M",29234,1943,9
"Michael","M",24745,1943,10
"Mary","F",62463,1944,1
"Barbara","F",39191,1944,2
"Linda","F",38411,1944,3
"Patricia","F",36872,1944,4
"Carol","F",30457,1944,5
"Sandra","F",26022,1944,6
"Nancy","F",23212,1944,7
"Judith","F",22433,1944,8
"Sharon","F",22428,1944,9
"Betty","F",19757,1944,10
"James","M",76950,1944,1
"Robert","M",70846,1944,2
"John","M",66610,1944,3
"William","M",52356,1944,4
"Richard","M",45634,1944,5
"David","M",37378,1944,6
"Charles","M",34645,1944,7
"Thomas","M",31597,1944,8
"Michael","M",26728,1944,9
"Ronald","M",25510,1944,10
"Mary","F",59287,1945,1
"Linda","F",41464,1945,2
"Barbara","F",38274,1945,3
"Patricia","F",35840,1945,4
"Carol","F",30389,1945,5
"Sandra","F",24703,1945,6
"Nancy","F",21453,1945,7
"Sharon","F",20833,1945,8
"Judith","F",20186,1945,9
"Susan","F",19222,1945,10
"James","M",74449,1945,1
"Robert","M",69930,1945,2
"John","M",66122,1945,3
"William","M",50210,1945,4
"Richard","M",46047,1945,5
"David","M",37096,1945,6
"Charles","M",32461,1945,7
"Thomas","M",31882,1945,8
"Michael","M",29909,1945,9
"Ronald","M",23668,1945,10
"Mary","F",67464,1946,1
"Linda","F",52708,1946,2
"Patricia","F",46295,1946,3
"Barbara","F",45121,1946,4
"Carol","F",34281,1946,5
"Sandra","F",31690,1946,6
"Nancy","F",28345,1946,7
"Susan","F",28269,1946,8
"Sharon","F",27825,1946,9
"Judith","F",22305,1946,10
"James","M",87423,1946,1
"Robert","M",84129,1946,2
"John","M",79256,1946,3
"William","M",60034,1946,4
"Richard","M",58860,1946,5
"David","M",46432,1946,6
"Michael","M",41181,1946,7
"Thomas","M",38867,1946,8
"Charles","M",38197,1946,9
"Ronald","M",31844,1946,10
"Linda","F",99680,1947,1
"Mary","F",71685,1947,2
"Patricia","F",51274,1947,3
"Barbara","F",48791,1947,4
"Sandra","F",34774,1947,5
"Carol","F",33535,1947,6
"Nancy","F",32442,1947,7
"Susan","F",31954,1947,8
"Sharon","F",28535,1947,9
"Donna","F",23517,1947,10
"James","M",94763,1947,1
"Robert","M",91646,1947,2
"John","M",88325,1947,3
"William","M",66974,1947,4
"Richard","M",58508,1947,5
"David","M",57799,1947,6
"Michael","M",50499,1947,7
"Thomas","M",44831,1947,8
"Charles","M",40772,1947,9
"Larry","M",34939,1947,10
"Linda","F",96211,1948,1
"Mary","F",68592,1948,2
"Barbara","F",46827,1948,3
"Patricia","F",46135,1948,4
"Susan","F",35984,1948,5
"Sandra","F",31062,1948,6
"Nancy","F",29411,1948,7
"Carol","F",28982,1948,8
"Sharon","F",26141,1948,9
"Kathleen","F",23256,1948,10
"James","M",88588,1948,1
"Robert","M",85477,1948,2
"John","M",82836,1948,3
"William","M",61975,1948,4
"David","M",56610,1948,5
"Michael","M",52566,1948,6
"Richard","M",50967,1948,7
"Thomas","M",43786,1948,8
"Charles","M",38679,1948,9
"Ronald","M",33514,1948,10
"Linda","F",91010,1949,1
"Mary","F",66864,1949,2
"Patricia","F",46337,1949,3
"Barbara","F",42596,1949,4
"Susan","F",37708,1949,5
"Sandra","F",30646,1949,6
"Nancy","F",29241,1949,7
"Carol","F",26782,1949,8
"Kathleen","F",26352,1949,9
"Sharon","F",25711,1949,10
"James","M",86850,1949,1
"Robert","M",83857,1949,2
"John","M",81152,1949,3
"William","M",61503,1949,4
"Michael","M",60043,1949,5
"David","M",59611,1949,6
"Richard","M",50934,1949,7
"Thomas","M",45205,1949,8
"Charles","M",40040,1949,9
"Larry","M",31810,1949,10
"Linda","F",80439,1950,1
"Mary","F",65485,1950,2
"Patricia","F",47952,1950,3
"Barbara","F",41570,1950,4
"Susan","F",38021,1950,5
"Nancy","F",29622,1950,6
"Deborah","F",29073,1950,7
"Sandra","F",28895,1950,8
"Carol","F",26162,1950,9
"Kathleen","F",25706,1950,10
"James","M",86266,1950,1
"Robert","M",83590,1950,2
"John","M",79447,1950,3
"Michael","M",65185,1950,4
"David","M",60761,1950,5
"William","M",60722,1950,6
"Richard","M",51028,1950,7
"Thomas","M",45635,1950,8
"Charles","M",39132,1950,9
"Gary","M",33763,1950,10
"Linda","F",73947,1951,1
"Mary","F",65693,1951,2
"Patricia","F",56433,1951,3
"Deborah","F",42045,1951,4
"Barbara","F",40596,1951,5
"Susan","F",40214,1951,6
"Nancy","F",30340,1951,7
"Karen","F",27993,1951,8
"Sandra","F",27657,1951,9
"Kathleen","F",26709,1951,10
"James","M",87198,1951,1
"Robert","M",86324,1951,2
"John","M",81529,1951,3
"Michael","M",72769,1951,4
"David","M",64761,1951,5
"William","M",62752,1951,6
"Richard","M",54520,1951,7
"Thomas","M",48246,1951,8
"Charles","M",39365,1951,9
"Gary","M",38140,1951,10
"Linda","F",67092,1952,1
"Mary","F",65660,1952,2
"Patricia","F",53090,1952,3
"Deborah","F",49809,1952,4
"Susan","F",41339,1952,5
"Barbara","F",39878,1952,6
"Nancy","F",31730,1952,7
"Karen","F",28959,1952,8
"Debra","F",26831,1952,9
"Sandra","F",26084,1952,10
"James","M",87076,1952,1
"Robert","M",86568,1952,2
"John","M",83107,1952,3
"Michael","M",79009,1952,4
"David","M",71750,1952,5
"William","M",62998,1952,6
"Richard","M",58333,1952,7
"Thomas","M",48618,1952,8
"Charles","M",38864,1952,9
"Gary","M",38733,1952,10
"Mary","F",64368,1953,1
"Linda","F",61264,1953,2
"Deborah","F",52196,1953,3
"Patricia","F",51007,1953,4
"Susan","F",44283,1953,5
"Barbara","F",38451,1953,6
"Debra","F",36862,1953,7
"Nancy","F",30609,1953,8
"Karen","F",29849,1953,9
"Pamela","F",25755,1953,10
"Robert","M",86191,1953,1
"James","M",86000,1953,2
"Michael","M",84201,1953,3
"John","M",80123,1953,4
"David","M",76079,1953,5
"William","M",61807,1953,6
"Richard","M",58317,1953,7
"Thomas","M",46991,1953,8
"Charles","M",38380,1953,9
"Gary","M",36952,1953,10
"Mary","F",67987,1954,1
"Linda","F",55371,1954,2
"Deborah","F",54674,1954,3
"Patricia","F",49133,1954,4
"Susan","F",47158,1954,5
"Debra","F",45881,1954,6
"Barbara","F",36375,1954,7
"Karen","F",32456,1954,8
"Nancy","F",30259,1954,9
"Cynthia","F",27612,1954,10
"Michael","M",88493,1954,1
"Robert","M",86268,1954,2
"James","M",86267,1954,3
"John","M",81140,1954,4
"David","M",79523,1954,5
"William","M",61405,1954,6
"Richard","M",57005,1954,7
"Thomas","M",47135,1954,8
"Gary","M",37895,1954,9
"Charles","M",37440,1954,10
"Mary","F",63167,1955,1
"Deborah","F",52314,1955,2
"Linda","F",51279,1955,3
"Debra","F",50541,1955,4
"Susan","F",47391,1955,5
"Patricia","F",46210,1955,6
"Barbara","F",33596,1955,7
"Karen","F",33215,1955,8
"Nancy","F",30009,1955,9
"Donna","F",27938,1955,10
"Michael","M",88286,1955,1
"David","M",86200,1955,2
"James","M",84133,1955,3
"Robert","M",83676,1955,4
"John","M",80019,1955,5
"William","M",59932,1955,6
"Richard","M",53531,1955,7
"Thomas","M",45810,1955,8
"Mark","M",42215,1955,9
"Steven","M",37806,1955,10
"Mary","F",61753,1956,1
"Debra","F",48298,1956,2
"Linda","F",48067,1956,3
"Deborah","F",47829,1956,4
"Susan","F",46558,1956,5
"Patricia","F",43332,1956,6
"Karen","F",40045,1956,7
"Cynthia","F",32347,1956,8
"Barbara","F",32303,1956,9
"Donna","F",29844,1956,10
"Michael","M",90623,1956,1
"James","M",84858,1956,2
"Robert","M",83910,1956,3
"David","M",81600,1956,4
"John","M",80763,1956,5
"William","M",58945,1956,6
"Richard","M",52878,1956,7
"Mark","M",48804,1956,8
"Thomas","M",44805,1956,9
"Steven","M",38381,1956,10
"Mary","F",61095,1957,1
"Susan","F",45946,1957,2
"Linda","F",44495,1957,3
"Debra","F",42729,1957,4
"Karen","F",40584,1957,5
"Deborah","F",40065,1957,6
"Cynthia","F",39315,1957,7
"Patricia","F",39277,1957,8
"Barbara","F",29683,1957,9
"Donna","F",28048,1957,10
"Michael","M",92726,1957,1
"James","M",84257,1957,2
"David","M",82371,1957,3
"Robert","M",81707,1957,4
"John","M",78985,1957,5
"William","M",56826,1957,6
"Mark","M",52816,1957,7
"Richard","M",52404,1957,8
"Thomas","M",44578,1957,9
"Steven","M",36829,1957,10
"Mary","F",55850,1958,1
"Susan","F",45172,1958,2
"Linda","F",41898,1958,3
"Karen","F",38465,1958,4
"Patricia","F",37932,1958,5
"Debra","F",35523,1958,6
"Deborah","F",32936,1958,7
"Cynthia","F",31000,1958,8
"Barbara","F",27882,1958,9
"Donna","F",26944,1958,10
"Michael","M",90517,1958,1
"David","M",82585,1958,2
"James","M",78723,1958,3
"Robert","M",77295,1958,4
"John","M",75990,1958,5
"William","M",54210,1958,6
"Mark","M",52671,1958,7
"Richard","M",49957,1958,8
"Thomas","M",42067,1958,9
"Steven","M",32952,1958,10
"Mary","F",54474,1959,1
"Susan","F",41606,1959,2
"Linda","F",40409,1959,3
"Karen","F",36773,1959,4
"Donna","F",36462,1959,5
"Patricia","F",35221,1959,6
"Debra","F",31372,1959,7
"Cynthia","F",30172,1959,8
"Deborah","F",29552,1959,9
"Lisa","F",25692,1959,10
"Michael","M",85275,1959,1
"David","M",83925,1959,2
"James","M",78599,1959,3
"John","M",76425,1959,4
"Robert","M",74503,1959,5
"Mark","M",56924,1959,6
"William","M",51376,1959,7
"Richard","M",47176,1959,8
"Thomas","M",40284,1959,9
"Steven","M",33580,1959,10
"Mary","F",51477,1960,1
"Susan","F",39201,1960,2
"Linda","F",37314,1960,3
"Karen","F",36379,1960,4
"Donna","F",34134,1960,5
"Lisa","F",33704,1960,6
"Patricia","F",32107,1960,7
"Debra","F",26738,1960,8
"Cynthia","F",26725,1960,9
"Deborah","F",25269,1960,10
"David","M",85936,1960,1
"Michael","M",84202,1960,2
"James","M",76863,1960,3
"John","M",76124,1960,4
"Robert","M",72385,1960,5
"Mark","M",58735,1960,6
"William","M",49353,1960,7
"Richard","M",43568,1960,8
"Thomas","M",39293,1960,9
"Steven","M",33903,1960,10
"Mary","F",47669,1961,1
"Lisa","F",42700,1961,2
"Susan","F",37522,1961,3
"Linda","F",35574,1961,4
"Karen","F",34690,1961,5
"Patricia","F",28867,1961,6
"Donna","F",28667,1961,7
"Cynthia","F",24378,1961,8
"Sandra","F",24141,1961,9
"Deborah","F",24092,1961,10
"Michael","M",86922,1961,1
"David","M",84769,1961,2
"John","M",79910,1961,3
"James","M",75907,1961,4
"Robert","M",72912,1961,5
"Mark","M",57758,1961,6
"William","M",48010,1961,7
"Richard","M",41116,1961,8
"Thomas","M",37548,1961,9
"Steven","M",32242,1961,10
"Lisa","F",46081,1962,1
"Mary","F",43493,1962,2
"Susan","F",35750,1962,3
"Karen","F",35184,1962,4
"Linda","F",31462,1962,5
"Patricia","F",26538,1962,6
"Donna","F",25727,1962,7
"Cynthia","F",24021,1962,8
"Deborah","F",22893,1962,9
"Sandra","F",22415,1962,10
"Michael","M",85049,1962,1
"David","M",81332,1962,2
"John","M",78450,1962,3
"James","M",72571,1962,4
"Robert","M",70212,1962,5
"Mark","M",53520,1962,6
"William","M",44862,1962,7
"Richard","M",39420,1962,8
"Thomas","M",36531,1962,9
"Jeffrey","M",33525,1962,10
"Lisa","F",56037,1963,1
"Mary","F",41551,1963,2
"Susan","F",33994,1963,3
"Karen","F",32487,1963,4
"Linda","F",27715,1963,5
"Donna","F",25399,1963,6
"Patricia","F",25363,1963,7
"Lori","F",23908,1963,8
"Sandra","F",21612,1963,9
"Cynthia","F",21593,1963,10
"Michael","M",83796,1963,1
"John","M",78645,1963,2
"David","M",78478,1963,3
"James","M",71331,1963,4
"Robert","M",70021,1963,5
"Mark","M",49363,1963,6
"William","M",44486,1963,7
"Richard","M",40782,1963,8
"Thomas","M",35510,1963,9
"Jeffrey","M",31721,1963,10
"Lisa","F",54277,1964,1
"Mary","F",40985,1964,2
"Susan","F",31515,1964,3
"Karen","F",30247,1964,4
"Patricia","F",26087,1964,5
"Kimberly","F",24128,1964,6
"Donna","F",23809,1964,7
"Linda","F",23633,1964,8
"Cynthia","F",20323,1964,9
"Tammy","F",20047,1964,10
"Michael","M",82671,1964,1
"John","M",82541,1964,2
"David","M",75065,1964,3
"James","M",73052,1964,4
"Robert","M",69998,1964,5
"Mark","M",45284,1964,6
"William","M",44250,1964,7
"Richard","M",40106,1964,8
"Thomas","M",34467,1964,9
"Jeffrey","M",30740,1964,10
"Lisa","F",60271,1965,1
"Mary","F",34274,1965,2
"Karen","F",32874,1965,3
"Kimberly","F",28833,1965,4
"Susan","F",26332,1965,5
"Patricia","F",23551,1965,6
"Donna","F",19698,1965,7
"Linda","F",19339,1965,8
"Cynthia","F",19246,1965,9
"Angela","F",18753,1965,10
"Michael","M",81054,1965,1
"John","M",71563,1965,2
"David","M",67882,1965,3
"James","M",67715,1965,4
"Robert","M",63144,1965,5
"William","M",40147,1965,6
"Mark","M",38273,1965,7
"Richard","M",36856,1965,8
"Thomas","M",31635,1965,9
"Jeffrey","M",29594,1965,10
"Lisa","F",56913,1966,1
"Kimberly","F",32230,1966,2
"Mary","F",28886,1966,3
"Michelle","F",27153,1966,4
"Karen","F",25447,1966,5
"Susan","F",23771,1966,6
"Patricia","F",20115,1966,7
"Tammy","F",18625,1966,8
"Angela","F",18531,1966,9
"Jennifer","F",18217,1966,10
"Michael","M",79999,1966,1
"David","M",66435,1966,2
"James","M",65188,1966,3
"John","M",65064,1966,4
"Robert","M",59344,1966,5
"William","M",38270,1966,6
"Mark","M",34811,1966,7
"Richard","M",34471,1966,8
"Jeffrey","M",30202,1966,9
"Thomas","M",29016,1966,10
"Lisa","F",52435,1967,1
"Kimberly","F",33099,1967,2
"Michelle","F",30824,1967,3
"Mary","F",25317,1967,4
"Susan","F",22260,1967,5
"Karen","F",21542,1967,6
"Angela","F",19541,1967,7
"Tammy","F",18652,1967,8
"Melissa","F",18377,1967,9
"Jennifer","F",18239,1967,10
"Michael","M",82455,1967,1
"David","M",66812,1967,2
"James","M",61694,1967,3
"John","M",61633,1967,4
"Robert","M",56387,1967,5
"William","M",37625,1967,6
"Mark","M",34938,1967,7
"Richard","M",33595,1967,8
"Christopher","M",29431,1967,9
"Brian","M",28664,1967,10
"Lisa","F",49534,1968,1
"Michelle","F",33219,1968,2
"Kimberly","F",31910,1968,3
"Jennifer","F",26849,1968,4
"Melissa","F",21731,1968,5
"Mary","F",21720,1968,6
"Angela","F",20664,1968,7
"Tammy","F",20054,1968,8
"Karen","F",19557,1968,9
"Susan","F",19507,1968,10
"Michael","M",82019,1968,1
"David","M",63740,1968,2
"John","M",60934,1968,3
"James","M",60730,1968,4
"Robert","M",58223,1968,5
"William","M",36965,1968,6
"Mark","M",35429,1968,7
"Richard","M",32994,1968,8
"Christopher","M",31479,1968,9
"Brian","M",29950,1968,10
"Lisa","F",45028,1969,1
"Michelle","F",34321,1969,2
"Jennifer","F",33705,1969,3
"Kimberly","F",33083,1969,4
"Melissa","F",23025,1969,5
"Amy","F",21468,1969,6
"Angela","F",21053,1969,7
"Mary","F",19851,1969,8
"Tammy","F",19052,1969,9
"Laura","F",17920,1969,10
"Michael","M",85235,1969,1
"David","M",63720,1969,2
"James","M",59935,1969,3
"John","M",58789,1969,4
"Robert","M",58349,1969,5
"William","M",37642,1969,6
"Christopher","M",35712,1969,7
"Mark","M",33402,1969,8
"Brian","M",31703,1969,9
"Richard","M",31102,1969,10
"Jennifer","F",46160,1970,1
"Lisa","F",38965,1970,2
"Kimberly","F",34141,1970,3
"Michelle","F",34053,1970,4
"Amy","F",25212,1970,5
"Angela","F",24926,1970,6
"Melissa","F",23742,1970,7
"Tammy","F",19588,1970,8
"Mary","F",19204,1970,9
"Tracy","F",18467,1970,10
"Michael","M",85318,1970,1
"James","M",61784,1970,2
"David","M",61773,1970,3
"John","M",58538,1970,4
"Robert","M",57208,1970,5
"Christopher","M",41792,1970,6
"William","M",38912,1970,7
"Brian","M",31942,1970,8
"Mark","M",31504,1970,9
"Richard","M",30468,1970,10
"Jennifer","F",56785,1971,1
"Michelle","F",33157,1971,2
"Lisa","F",32907,1971,3
"Kimberly","F",30695,1971,4
"Amy","F",26238,1971,5
"Angela","F",25886,1971,6
"Melissa","F",23872,1971,7
"Tammy","F",17656,1971,8
"Mary","F",16698,1971,9
"Julie","F",15329,1971,10
"Michael","M",77606,1971,1
"James","M",54611,1971,2
"David","M",53133,1971,3
"John","M",51520,1971,4
"Robert","M",50653,1971,5
"Christopher","M",48250,1971,6
"William","M",35439,1971,7
"Jason","M",34193,1971,8
"Brian","M",32652,1971,9
"Scott","M",30923,1971,10
"Jennifer","F",63610,1972,1
"Michelle","F",29284,1972,2
"Lisa","F",27547,1972,3
"Kimberly","F",26297,1972,4
"Amy","F",25872,1972,5
"Angela","F",23558,1972,6
"Melissa","F",22498,1972,7
"Stephanie","F",16886,1972,8
"Heather","F",16325,1972,9
"Nicole","F",15753,1972,10
"Michael","M",71425,1972,1
"Christopher","M",52192,1972,2
"James","M",47088,1972,3
"David","M",46383,1972,4
"John","M",43185,1972,5
"Robert","M",43033,1972,6
"Jason","M",37446,1972,7
"Brian","M",36325,1972,8
"William","M",30531,1972,9
"Matthew","M",22947,1972,10
"Jennifer","F",62455,1973,1
"Amy","F",26965,1973,2
"Michelle","F",26932,1973,3
"Kimberly","F",23531,1973,4
"Lisa","F",22667,1973,5
"Melissa","F",22485,1973,6
"Angela","F",20893,1973,7
"Heather","F",19352,1973,8
"Stephanie","F",17262,1973,9
"Rebecca","F",14870,1973,10
"Michael","M",67869,1973,1
"Christopher","M",48324,1973,2
"Jason","M",46689,1973,3
"James","M",42892,1973,4
"David","M",41112,1973,5
"John","M",39180,1973,6
"Robert","M",38722,1973,7
"Brian","M",35717,1973,8
"William","M",28027,1973,9
"Matthew","M",24557,1973,10
"Jennifer","F",63116,1974,1
"Amy","F",29567,1974,2
"Michelle","F",25826,1974,3
"Heather","F",23184,1974,4
"Angela","F",22799,1974,5
"Kimberly","F",22421,1974,6
"Melissa","F",22168,1974,7
"Lisa","F",19776,1974,8
"Stephanie","F",16983,1974,9
"Rebecca","F",15169,1974,10
"Michael","M",67585,1974,1
"Jason","M",54778,1974,2
"Christopher","M",48619,1974,3
"David","M",41807,1974,4
"James","M",41363,1974,5
"John","M",37655,1974,6
"Robert","M",37043,1974,7
"Brian","M",34469,1974,8
"Matthew","M",27229,1974,9
"William","M",26995,1974,10
"Jennifer","F",58186,1975,1
"Amy","F",32252,1975,2
"Heather","F",24303,1975,3
"Melissa","F",24166,1975,4
"Angela","F",23354,1975,5
"Michelle","F",22666,1975,6
"Kimberly","F",20261,1975,7
"Lisa","F",18131,1975,8
"Stephanie","F",15773,1975,9
"Nicole","F",14273,1975,10
"Michael","M",68462,1975,1
"Jason","M",52196,1975,2
"Christopher","M",46588,1975,3
"James","M",39595,1975,4
"David","M",39175,1975,5
"Robert","M",35342,1975,6
"John","M",35102,1975,7
"Brian","M",30606,1975,8
"Matthew","M",28567,1975,9
"William","M",25581,1975,10
"Jennifer","F",59478,1976,1
"Amy","F",31343,1976,2
"Melissa","F",25093,1976,3
"Heather","F",24204,1976,4
"Angela","F",22043,1976,5
"Michelle","F",19554,1976,6
"Kimberly","F",18964,1976,7
"Jessica","F",18370,1976,8
"Lisa","F",17349,1976,9
"Amanda","F",15591,1976,10
"Michael","M",66966,1976,1
"Jason","M",52687,1976,2
"Christopher","M",45223,1976,3
"David","M",39298,1976,4
"James","M",38310,1976,5
"John","M",33995,1976,6
"Robert","M",33814,1976,7
"Brian","M",30537,1976,8
"Matthew","M",29993,1976,9
"Daniel","M",24721,1976,10
"Jennifer","F",58965,1977,1
"Melissa","F",26886,1977,2
"Amy","F",26731,1977,3
"Jessica","F",24843,1977,4
"Heather","F",23773,1977,5
"Angela","F",20996,1977,6
"Michelle","F",19539,1977,7
"Kimberly","F",18285,1977,8
"Amanda","F",18280,1977,9
"Kelly","F",18235,1977,10
"Michael","M",67618,1977,1
"Jason","M",55653,1977,2
"Christopher","M",46754,1977,3
"David","M",40548,1977,4
"James","M",40057,1977,5
"John","M",34236,1977,6
"Robert","M",34223,1977,7
"Brian","M",32498,1977,8
"Matthew","M",31974,1977,9
"Joseph","M",26493,1977,10
"Jennifer","F",56316,1978,1
"Melissa","F",28331,1978,2
"Jessica","F",26105,1978,3
"Amy","F",23216,1978,4
"Heather","F",22269,1978,5
"Amanda","F",20522,1978,6
"Angela","F",20509,1978,7
"Sarah","F",19978,1978,8
"Michelle","F",18862,1978,9
"Nicole","F",17272,1978,10
"Michael","M",67154,1978,1
"Jason","M",51619,1978,2
"Christopher","M",47251,1978,3
"David","M",40699,1978,4
"James","M",39912,1978,5
"Matthew","M",34312,1978,6
"John","M",34032,1978,7
"Robert","M",33389,1978,8
"Brian","M",29455,1978,9
"Joseph","M",26673,1978,10
"Jennifer","F",56720,1979,1
"Melissa","F",34050,1979,2
"Amanda","F",31927,1979,3
"Jessica","F",27777,1979,4
"Amy","F",21613,1979,5
"Sarah","F",21017,1979,6
"Heather","F",20840,1979,7
"Angela","F",20258,1979,8
"Nicole","F",19509,1979,9
"Michelle","F",19267,1979,10
"Michael","M",67734,1979,1
"Christopher","M",50676,1979,2
"Jason","M",50398,1979,3
"David","M",42076,1979,4
"James","M",39370,1979,5
"Matthew","M",35658,1979,6
"John","M",35436,1979,7
"Robert","M",34025,1979,8
"Joshua","M",31132,1979,9
"Brian","M",28669,1979,10
"Joseph","M",28669,1979,11
"Jennifer","F",58381,1980,1
"Amanda","F",35819,1980,2
"Jessica","F",33921,1980,3
"Melissa","F",31632,1980,4
"Sarah","F",25747,1980,5
"Heather","F",19972,1980,6
"Nicole","F",19918,1980,7
"Amy","F",19832,1980,8
"Elizabeth","F",19530,1980,9
"Michelle","F",19121,1980,10
"Michael","M",68673,1980,1
"Christopher","M",49088,1980,2
"Jason","M",48173,1980,3
"David","M",41921,1980,4
"James","M",39312,1980,5
"Matthew","M",37860,1980,6
"Joshua","M",36061,1980,7
"John","M",35271,1980,8
"Robert","M",34273,1980,9
"Joseph","M",30193,1980,10
"Jennifer","F",57043,1981,1
"Jessica","F",42527,1981,2
"Amanda","F",34373,1981,3
"Sarah","F",28171,1981,4
"Melissa","F",28007,1981,5
"Amy","F",20344,1981,6
"Nicole","F",20314,1981,7
"Stephanie","F",20210,1981,8
"Elizabeth","F",20171,1981,9
"Heather","F",17944,1981,10
"Michael","M",68765,1981,1
"Christopher","M",50224,1981,2
"Matthew","M",43326,1981,3
"Jason","M",41928,1981,4
"David","M",40646,1981,5
"Joshua","M",39050,1981,6
"James","M",38306,1981,7
"John","M",34880,1981,8
"Robert","M",34393,1981,9
"Daniel","M",30990,1981,10
"Jennifer","F",57109,1982,1
"Jessica","F",45445,1982,2
"Amanda","F",34210,1982,3
"Sarah","F",28482,1982,4
"Melissa","F",25860,1982,5
"Nicole","F",21703,1982,6
"Stephanie","F",20858,1982,7
"Elizabeth","F",20509,1982,8
"Crystal","F",19101,1982,9
"Amy","F",18801,1982,10
"Michael","M",68216,1982,1
"Christopher","M",59222,1982,2
"Matthew","M",46054,1982,3
"Jason","M",40612,1982,4
"David","M",40445,1982,5
"James","M",38867,1982,6
"Joshua","M",38024,1982,7
"John","M",34690,1982,8
"Robert","M",34413,1982,9
"Daniel","M",32650,1982,10
"Jennifer","F",54336,1983,1
"Jessica","F",45278,1983,2
"Amanda","F",33754,1983,3
"Ashley","F",33290,1983,4
"Sarah","F",27229,1983,5
"Melissa","F",23473,1983,6
"Nicole","F",22394,1983,7
"Stephanie","F",22326,1983,8
"Heather","F",20750,1983,9
"Elizabeth","F",19838,1983,10
"Michael","M",67991,1983,1
"Christopher","M",59336,1983,2
"Matthew","M",50204,1983,3
"David","M",39192,1983,4
"Joshua","M",36703,1983,5
"James","M",36341,1983,6
"Jason","M",35106,1983,7
"Daniel","M",34743,1983,8
"John","M",33146,1983,9
"Robert","M",32743,1983,10
"Jennifer","F",50562,1984,1
"Jessica","F",45851,1984,2
"Ashley","F",38759,1984,3
"Amanda","F",33906,1984,4
"Sarah","F",25875,1984,5
"Stephanie","F",23019,1984,6
"Nicole","F",22264,1984,7
"Melissa","F",21889,1984,8
"Heather","F",21488,1984,9
"Elizabeth","F",20362,1984,10
"Michael","M",67731,1984,1
"Christopher","M",60017,1984,2
"Matthew","M",49764,1984,3
"Joshua","M",40251,1984,4
"David","M",38473,1984,5
"Daniel","M",36515,1984,6
"James","M",35845,1984,7
"John","M",32599,1984,8
"Robert","M",31757,1984,9
"Joseph","M",30507,1984,10
"Jessica","F",48343,1985,1
"Ashley","F",47007,1985,2
"Jennifer","F",42649,1985,3
"Amanda","F",39050,1985,4
"Sarah","F",24877,1985,5
"Stephanie","F",23239,1985,6
"Nicole","F",22963,1985,7
"Heather","F",21149,1985,8
"Elizabeth","F",20538,1985,9
"Megan","F",20014,1985,10
"Michael","M",64895,1985,1
"Christopher","M",59593,1985,2
"Matthew","M",47060,1985,3
"Joshua","M",42187,1985,4
"Daniel","M",38530,1985,5
"David","M",38506,1985,6
"James","M",35843,1985,7
"Robert","M",32083,1985,8
"John","M",31491,1985,9
"Joseph","M",30214,1985,10
"Jessica","F",52667,1986,1
"Ashley","F",49674,1986,2
"Amanda","F",40522,1986,3
"Jennifer","F",36181,1986,4
"Sarah","F",28146,1986,5
"Stephanie","F",22640,1986,6
"Nicole","F",21283,1986,7
"Brittany","F",20311,1986,8
"Heather","F",19790,1986,9
"Elizabeth","F",19067,1986,10
"Michael","M",64188,1986,1
"Christopher","M",56677,1986,2
"Matthew","M",46911,1986,3
"Joshua","M",37535,1986,4
"David","M",37136,1986,5
"Daniel","M",36560,1986,6
"James","M",34029,1986,7
"Andrew","M",33853,1986,8
"Robert","M",31333,1986,9
"John","M",30190,1986,10
"Jessica","F",55990,1987,1
"Ashley","F",54845,1987,2
"Amanda","F",41786,1987,3
"Jennifer","F",32694,1987,4
"Sarah","F",27884,1987,5
"Stephanie","F",22398,1987,6
"Brittany","F",22227,1987,7
"Nicole","F",20282,1987,8
"Heather","F",18980,1987,9
"Elizabeth","F",18602,1987,10
"Michael","M",63638,1987,1
"Christopher","M",54476,1987,2
"Matthew","M",46473,1987,3
"Joshua","M",39991,1987,4
"David","M",36776,1987,5
"Andrew","M",36199,1987,6
"Daniel","M",35857,1987,7
"James","M",32631,1987,8
"Justin","M",31491,1987,9
"Robert","M",30230,1987,10
"Jessica","F",51532,1988,1
"Ashley","F",49963,1988,2
"Amanda","F",39451,1988,3
"Sarah","F",28358,1988,4
"Jennifer","F",27886,1988,5
"Brittany","F",26814,1988,6
"Stephanie","F",22832,1988,7
"Samantha","F",20697,1988,8
"Nicole","F",20311,1988,9
"Elizabeth","F",20028,1988,10
"Michael","M",64117,1988,1
"Christopher","M",52980,1988,2
"Matthew","M",45868,1988,3
"Joshua","M",42645,1988,4
"Andrew","M",35727,1988,5
"David","M",35305,1988,6
"Justin","M",35035,1988,7
"Daniel","M",34685,1988,8
"James","M",32493,1988,9
"Robert","M",30309,1988,10
"Jessica","F",47885,1989,1
"Ashley","F",47585,1989,2
"Brittany","F",37787,1989,3
"Amanda","F",36827,1989,4
"Sarah","F",27790,1989,5
"Samantha","F",24790,1989,6
"Jennifer","F",23995,1989,7
"Stephanie","F",22768,1989,8
"Lauren","F",21063,1989,9
"Elizabeth","F",20293,1989,10
"Michael","M",65378,1989,1
"Christopher","M",53180,1989,2
"Matthew","M",45374,1989,3
"Joshua","M",44086,1989,4
"David","M",35210,1989,5
"Daniel","M",34992,1989,6
"Andrew","M",34809,1989,7
"Justin","M",32842,1989,8
"James","M",32695,1989,9
"Robert","M",30064,1989,10
"Jessica","F",46470,1990,1
"Ashley","F",45553,1990,2
"Brittany","F",36534,1990,3
"Amanda","F",34405,1990,4
"Samantha","F",25865,1990,5
"Sarah","F",25810,1990,6
"Stephanie","F",24859,1990,7
"Jennifer","F",22219,1990,8
"Elizabeth","F",20742,1990,9
"Lauren","F",20499,1990,10
"Michael","M",65275,1990,1
"Christopher","M",52331,1990,2
"Matthew","M",44794,1990,3
"Joshua","M",43216,1990,4
"Daniel","M",33809,1990,5
"David","M",33739,1990,6
"Andrew","M",33653,1990,7
"James","M",32344,1990,8
"Justin","M",30635,1990,9
"Joseph","M",30124,1990,10
"Ashley","F",43482,1991,1
"Jessica","F",43394,1991,2
"Brittany","F",29090,1991,3
"Amanda","F",28887,1991,4
"Samantha","F",25645,1991,5
"Sarah","F",25228,1991,6
"Stephanie","F",22771,1991,7
"Jennifer","F",20671,1991,8
"Elizabeth","F",20390,1991,9
"Emily","F",20308,1991,10
"Michael","M",60783,1991,1
"Christopher","M",47096,1991,2
"Matthew","M",41632,1991,3
"Joshua","M",41216,1991,4
"Andrew","M",31525,1991,5
"Daniel","M",30913,1991,6
"James","M",30502,1991,7
"David","M",30415,1991,8
"Joseph","M",29836,1991,9
"John","M",27798,1991,10
"Ashley","F",38452,1992,1
"Jessica","F",38352,1992,2
"Amanda","F",25034,1992,3
"Brittany","F",24975,1992,4
"Sarah","F",24633,1992,5
"Samantha","F",24403,1992,6
"Emily","F",21831,1992,7
"Stephanie","F",19668,1992,8
"Elizabeth","F",19029,1992,9
"Megan","F",17844,1992,10
"Michael","M",54384,1992,1
"Christopher","M",42460,1992,2
"Matthew","M",37731,1992,3
"Joshua","M",36213,1992,4
"Andrew","M",30534,1992,5
"Brandon","M",29618,1992,6
"Daniel","M",29144,1992,7
"Tyler","M",28792,1992,8
"James","M",28502,1992,9
"David","M",28405,1992,10
"Jessica","F",34987,1993,1
"Ashley","F",34847,1993,2
"Sarah","F",24248,1993,3
"Samantha","F",23666,1993,4
"Emily","F",23593,1993,5
"Brittany","F",21728,1993,6
"Taylor","F",21265,1993,7
"Amanda","F",20809,1993,8
"Elizabeth","F",17555,1993,9
"Stephanie","F",17183,1993,10
"Michael","M",49551,1993,1
"Christopher","M",38229,1993,2
"Matthew","M",35769,1993,3
"Joshua","M",33575,1993,4
"Tyler","M",29797,1993,5
"Brandon","M",28736,1993,6
"Daniel","M",28674,1993,7
"Nicholas","M",28108,1993,8
"Jacob","M",27477,1993,9
"Andrew","M",27314,1993,10
"Jessica","F",32117,1994,1
"Ashley","F",30278,1994,2
"Emily","F",24148,1994,3
"Samantha","F",22817,1994,4
"Sarah","F",22281,1994,5
"Taylor","F",20731,1994,6
"Brittany","F",18899,1994,7
"Amanda","F",18715,1994,8
"Elizabeth","F",16778,1994,9
"Megan","F",16578,1994,10
"Michael","M",44462,1994,1
"Christopher","M",34797,1994,2
"Matthew","M",33646,1994,3
"Joshua","M",31372,1994,4
"Tyler","M",30477,1994,5
"Brandon","M",29485,1994,6
"Jacob","M",29409,1994,7
"Daniel","M",28056,1994,8
"Nicholas","M",27760,1994,9
"Andrew","M",26006,1994,10
"Jessica","F",27935,1995,1
"Ashley","F",26603,1995,2
"Emily","F",24378,1995,3
"Samantha","F",21646,1995,4
"Sarah","F",21369,1995,5
"Taylor","F",20427,1995,6
"Hannah","F",17012,1995,7
"Brittany","F",16476,1995,8
"Amanda","F",16345,1995,9
"Elizabeth","F",16185,1995,10
"Michael","M",41404,1995,1
"Matthew","M",32874,1995,2
"Christopher","M",32672,1995,3
"Jacob","M",31124,1995,4
"Joshua","M",30715,1995,5
"Nicholas","M",29156,1995,6
"Tyler","M",29154,1995,7
"Brandon","M",26903,1995,8
"Daniel","M",26709,1995,9
"Austin","M",25905,1995,10
"Emily","F",25150,1996,1
"Jessica","F",24192,1996,2
"Ashley","F",23676,1996,3
"Sarah","F",21029,1996,4
"Samantha","F",20545,1996,5
"Taylor","F",19151,1996,6
"Hannah","F",18594,1996,7
"Alexis","F",16588,1996,8
"Rachel","F",16110,1996,9
"Elizabeth","F",15990,1996,10
"Michael","M",38364,1996,1
"Matthew","M",32072,1996,2
"Jacob","M",31918,1996,3
"Christopher","M",30901,1996,4
"Joshua","M",29168,1996,5
"Nicholas","M",27718,1996,6
"Tyler","M",26954,1996,7
"Brandon","M",25846,1996,8
"Austin","M",25659,1996,9
"Andrew","M",25231,1996,10
"Emily","F",25731,1997,1
"Jessica","F",21043,1997,2
"Ashley","F",20895,1997,3
"Sarah","F",20694,1997,4
"Hannah","F",20588,1997,5
"Samantha","F",20169,1997,6
"Taylor","F",19503,1997,7
"Alexis","F",17171,1997,8
"Elizabeth","F",15415,1997,9
"Madison","F",15187,1997,10
"Michael","M",37545,1997,1
"Jacob","M",34145,1997,2
"Matthew","M",31512,1997,3
"Christopher","M",29101,1997,4
"Joshua","M",28282,1997,5
"Nicholas","M",27257,1997,6
"Brandon","M",25193,1997,7
"Andrew","M",25191,1997,8
"Austin","M",25117,1997,9
"Tyler","M",24877,1997,10
"Emily","F",26179,1998,1
"Hannah","F",21374,1998,2
"Samantha","F",20192,1998,3
"Sarah","F",19873,1998,4
"Ashley","F",19871,1998,5
"Alexis","F",19778,1998,6
"Taylor","F",18572,1998,7
"Jessica","F",18233,1998,8
"Madison","F",17785,1998,9
"Elizabeth","F",15179,1998,10
"Michael","M",36615,1998,1
"Jacob","M",36007,1998,2
"Matthew","M",31138,1998,3
"Joshua","M",28086,1998,4
"Christopher","M",26999,1998,5
"Nicholas","M",26632,1998,6
"Brandon","M",23828,1998,7
"Tyler","M",23711,1998,8
"Andrew","M",23648,1998,9
"Austin","M",23477,1998,10
"Emily","F",26537,1999,1
"Hannah","F",21669,1999,2
"Alexis","F",19232,1999,3
"Sarah","F",19088,1999,4
"Samantha","F",19034,1999,5
"Ashley","F",18132,1999,6
"Madison","F",18052,1999,7
"Taylor","F",16905,1999,8
"Jessica","F",16346,1999,9
"Elizabeth","F",15332,1999,10
"Jacob","M",35346,1999,1
"Michael","M",33906,1999,2
"Matthew","M",30417,1999,3
"Joshua","M",27254,1999,4
"Nicholas","M",25635,1999,5
"Christopher","M",25601,1999,6
"Andrew","M",23850,1999,7
"Joseph","M",23203,1999,8
"Daniel","M",22674,1999,9
"Tyler","M",22663,1999,10
"Emily","F",25953,2000,1
"Hannah","F",23075,2000,2
"Madison","F",19967,2000,3
"Ashley","F",17997,2000,4
"Sarah","F",17689,2000,5
"Alexis","F",17627,2000,6
"Samantha","F",17264,2000,7
"Jessica","F",15705,2000,8
"Elizabeth","F",15089,2000,9
"Taylor","F",15077,2000,10
"Jacob","M",34467,2000,1
"Michael","M",32028,2000,2
"Matthew","M",28572,2000,3
"Joshua","M",27534,2000,4
"Christopher","M",24928,2000,5
"Nicholas","M",24650,2000,6
"Andrew","M",23633,2000,7
"Joseph","M",22820,2000,8
"Daniel","M",22310,2000,9
"Tyler","M",21501,2000,10
"Emily","F",25052,2001,1
"Madison","F",22158,2001,2
"Hannah","F",20707,2001,3
"Ashley","F",16524,2001,4
"Alexis","F",16396,2001,5
"Sarah","F",15889,2001,6
"Samantha","F",15860,2001,7
"Abigail","F",14803,2001,8
"Elizabeth","F",14783,2001,9
"Olivia","F",13975,2001,10
"Jacob","M",32531,2001,1
"Michael","M",29677,2001,2
"Matthew","M",26800,2001,3
"Joshua","M",26009,2001,4
"Christopher","M",23118,2001,5
"Nicholas","M",22839,2001,6
"Andrew","M",22405,2001,7
"Joseph","M",21999,2001,8
"Daniel","M",20972,2001,9
"William","M",20099,2001,10
"Emily","F",24459,2002,1
"Madison","F",21772,2002,2
"Hannah","F",18817,2002,3
"Emma","F",16531,2002,4
"Alexis","F",15634,2002,5
"Ashley","F",15339,2002,6
"Abigail","F",15294,2002,7
"Sarah","F",14752,2002,8
"Samantha","F",14659,2002,9
"Olivia","F",14628,2002,10
"Jacob","M",30558,2002,1
"Michael","M",28242,2002,2
"Joshua","M",25980,2002,3
"Matthew","M",25149,2002,4
"Ethan","M",22105,2002,5
"Andrew","M",22016,2002,6
"Joseph","M",21889,2002,7
"Christopher","M",21674,2002,8
"Nicholas","M",21387,2002,9
"Daniel","M",21305,2002,10
"Emily","F",25685,2003,1
"Emma","F",22701,2003,2
"Madison","F",20197,2003,3
"Hannah","F",17628,2003,4
"Olivia","F",16143,2003,5
"Abigail","F",15918,2003,6
"Alexis","F",14860,2003,7
"Ashley","F",14512,2003,8
"Elizabeth","F",14096,2003,9
"Samantha","F",13865,2003,10
"Jacob","M",29620,2003,1
"Michael","M",27111,2003,2
"Joshua","M",25087,2003,3
"Matthew","M",23992,2003,4
"Andrew","M",22146,2003,5
"Ethan","M",21354,2003,6
"Joseph","M",21352,2003,7
"Daniel","M",21032,2003,8
"Christopher","M",20741,2003,9
"Anthony","M",20142,2003,10
"Emily","F",25028,2004,1
"Emma","F",21602,2004,2
"Madison","F",20617,2004,3
"Olivia","F",16101,2004,4
"Hannah","F",15601,2004,5
"Abigail","F",15423,2004,6
"Isabella","F",15015,2004,7
"Ashley","F",14370,2004,8
"Samantha","F",13777,2004,9
"Elizabeth","F",13555,2004,10
"Jacob","M",27873,2004,1
"Michael","M",25444,2004,2
"Joshua","M",24188,2004,3
"Matthew","M",22869,2004,4
"Ethan","M",22203,2004,5
"Andrew","M",21697,2004,6
"Daniel","M",20970,2004,7
"William","M",20222,2004,8
"Joseph","M",20117,2004,9
"Christopher","M",19622,2004,10
"Emily","F",23930,2005,1
"Emma","F",20335,2005,2
"Madison","F",19562,2005,3
"Abigail","F",15747,2005,4
"Olivia","F",15691,2005,5
"Isabella","F",15174,2005,6
"Hannah","F",14842,2005,7
"Samantha","F",13633,2005,8
"Ava","F",13603,2005,9
"Ashley","F",13270,2005,10
"Jacob","M",25822,2005,1
"Michael","M",23800,2005,2
"Joshua","M",23242,2005,3
"Matthew","M",21461,2005,4
"Ethan","M",21307,2005,5
"Andrew","M",20722,2005,6
"Daniel","M",20203,2005,7
"Anthony","M",19367,2005,8
"Joseph","M",19199,2005,9
"Christopher","M",19159,2005,10
"Emily","F",21393,2006,1
"Emma","F",19107,2006,2
"Madison","F",18614,2006,3
"Isabella","F",18218,2006,4
"Ava","F",16937,2006,5
"Abigail","F",15625,2006,6
"Olivia","F",15491,2006,7
"Hannah","F",14539,2006,8
"Sophia","F",13496,2006,9
"Samantha","F",12457,2006,10
"Jacob","M",24832,2006,1
"Michael","M",22628,2006,2
"Joshua","M",22308,2006,3
"Ethan","M",20501,2006,4
"Matthew","M",20321,2006,5
"Daniel","M",20051,2006,6
"Andrew","M",19707,2006,7
"Christopher","M",19668,2006,8
"Anthony","M",19395,2006,9
"William","M",18946,2006,10
"Emily","F",19350,2007,1
"Isabella","F",19130,2007,2
"Emma","F",18365,2007,3
"Ava","F",18045,2007,4
"Madison","F",17950,2007,5
"Sophia","F",17018,2007,6
"Olivia","F",16573,2007,7
"Abigail","F",15462,2007,8
"Hannah","F",13296,2007,9
"Elizabeth","F",13037,2007,10
"Jacob","M",24259,2007,1
"Michael","M",21972,2007,2
"Ethan","M",21016,2007,3
"Joshua","M",20642,2007,4
"Daniel","M",20239,2007,5
"Christopher","M",19999,2007,6
"Anthony","M",19614,2007,7
"William","M",18876,2007,8
"Matthew","M",18729,2007,9
"Andrew","M",18441,2007,10
"Emma","F",18803,2008,1
"Isabella","F",18607,2008,2
"Emily","F",17422,2008,3
"Olivia","F",17072,2008,4
"Ava","F",17030,2008,5
"Madison","F",17020,2008,6
"Sophia","F",16075,2008,7
"Abigail","F",15073,2008,8
"Elizabeth","F",11990,2008,9
"Chloe","F",11818,2008,10
"Jacob","M",22574,2008,1
"Michael","M",20601,2008,2
"Ethan","M",20198,2008,3
"Joshua","M",19188,2008,4
"Daniel","M",18993,2008,5
"Alexander","M",18685,2008,6
"William","M",18383,2008,7
"Anthony","M",18382,2008,8
"Christopher","M",17936,2008,9
"Matthew","M",17576,2008,10
"Isabella","F",22283,2009,1
"Emma","F",17883,2009,2
"Olivia","F",17425,2009,3
"Sophia","F",16929,2009,4
"Ava","F",15863,2009,5
"Emily","F",15340,2009,6
"Madison","F",15224,2009,7
"Abigail","F",14382,2009,8
"Chloe","F",11901,2009,9
"Mia","F",11416,2009,10
"Jacob","M",21154,2009,1
"Ethan","M",19836,2009,2
"Michael","M",18917,2009,3
"Alexander","M",18217,2009,4
"William","M",17905,2009,5
"Joshua","M",17630,2009,6
"Daniel","M",17527,2009,7
"Jayden","M",17270,2009,8
"Noah","M",17231,2009,9
"Christopher","M",16339,2009,10
"Isabella","F",22890,2010,1
"Sophia","F",20623,2010,2
"Emma","F",17327,2010,3
"Olivia","F",17017,2010,4
"Ava","F",15421,2010,5
"Emily","F",14262,2010,6
"Abigail","F",14231,2010,7
"Madison","F",13170,2010,8
"Chloe","F",11745,2010,9
"Mia","F",10628,2010,10
"Jacob","M",22095,2010,1
"Ethan","M",17993,2010,2
"Michael","M",17324,2010,3
"Jayden","M",17158,2010,4
"William","M",17036,2010,5
"Alexander","M",16746,2010,6
"Noah","M",16438,2010,7
"Daniel","M",15819,2010,8
"Aiden","M",15520,2010,9
"Anthony","M",15475,2010,10
"Sophia","F",21824,2011,1
"Isabella","F",19882,2011,2
"Emma","F",18781,2011,3
"Olivia","F",17305,2011,4
"Ava","F",15485,2011,5
"Emily","F",14241,2011,6
"Abigail","F",13237,2011,7
"Madison","F",12371,2011,8
"Mia","F",11520,2011,9
"Chloe","F",10977,2011,10
"Jacob","M",20349,2011,1
"Mason","M",19493,2011,2
"William","M",17325,2011,3
"Jayden","M",16968,2011,4
"Noah","M",16845,2011,5
"Michael","M",16760,2011,6
"Ethan","M",16674,2011,7
"Alexander","M",15688,2011,8
"Aiden","M",15477,2011,9
"Daniel","M",15258,2011,10
"Sophia","F",22279,2012,1
"Emma","F",20914,2012,2
"Isabella","F",19082,2012,3
"Olivia","F",17296,2012,4
"Ava","F",15518,2012,5
"Emily","F",13631,2012,6
"Abigail","F",12679,2012,7
"Mia","F",12004,2012,8
"Madison","F",11380,2012,9
"Elizabeth","F",9685,2012,10
"Jacob","M",19045,2012,1
"Mason","M",18953,2012,2
"Ethan","M",17644,2012,3
"Noah","M",17323,2012,4
"William","M",16856,2012,5
"Liam","M",16785,2012,6
"Michael","M",16124,2012,7
"Jayden","M",16099,2012,8
"Alexander","M",15219,2012,9
"Aiden","M",14873,2012,10
"Sophia","F",21171,2013,1
"Emma","F",20905,2013,2
"Olivia","F",18397,2013,3
"Isabella","F",17599,2013,4
"Ava","F",15225,2013,5
"Mia","F",13127,2013,6
"Emily","F",13107,2013,7
"Abigail","F",12387,2013,8
"Madison","F",10575,2013,9
"Elizabeth","F",9431,2013,10
"Noah","M",18206,2013,1
"Liam","M",18111,2013,2
"Jacob","M",18110,2013,3
"Mason","M",17668,2013,4
"William","M",16595,2013,5
"Ethan","M",16216,2013,6
"Michael","M",15453,2013,7
"Alexander","M",14871,2013,8
"Jayden","M",14729,2013,9
"Daniel","M",14251,2013,10
"Emma","F",20886,2014,1
"Olivia","F",19761,2014,2
"Sophia","F",18563,2014,3
"Isabella","F",17027,2014,4
"Ava","F",15660,2014,5
"Mia","F",13484,2014,6
"Emily","F",12622,2014,7
"Abigail","F",12049,2014,8
"Madison","F",10291,2014,9
"Charlotte","F",10094,2014,10
"Noah","M",19229,2014,1
"Liam","M",18421,2014,2
"Mason","M",17157,2014,3
"Jacob","M",16812,2014,4
"William","M",16776,2014,5
"Ethan","M",15691,2014,6
"Michael","M",15400,2014,7
"Alexander","M",15362,2014,8
"James","M",14383,2014,9
"Daniel","M",13887,2014,10
"Emma","F",20355,2015,1
"Olivia","F",19553,2015,2
"Sophia","F",17327,2015,3
"Ava","F",16286,2015,4
"Isabella","F",15504,2015,5
"Mia","F",14820,2015,6
"Abigail","F",12311,2015,7
"Emily","F",11727,2015,8
"Charlotte","F",11332,2015,9
"Harper","F",10241,2015,10
"Noah","M",19511,2015,1
"Liam","M",18281,2015,2
"Mason","M",16535,2015,3
"Jacob","M",15816,2015,4
"William","M",15809,2015,5
"Ethan","M",14991,2015,6
"James","M",14705,2015,7
"Alexander","M",14460,2015,8
"Michael","M",14321,2015,9
"Benjamin","M",13608,2015,10
